group,collection_name,collection_no,cc,state,early_interval,min_ma,max_ma,paleolng,paleolat,n_occs
amniote,Mouth of Godwin Creek,13044,US,Texas,Artinskian,279.3,290.1,-30.27,-1.15,1
amniote,I-70 Roadcut half mile East of Elm Grove,13049,US,West Virginia,Virgilian,298.9,303.4,-15.2,-3.5,1
amniote,Briar Creek,13080,US,Texas,Artinskian,279.3,290.1,-30.21,-1.18,5
amniote,Victoria West District,13083,ZA,Northern Cape,Artinskian,279.3,290.1,-47.63,-62.51,1
amniote,Platyhystrix pocket Locality,13257,US,Utah,Asselian,290.1,298.9,-35.77,6.4,2
amniote,OMNH V1005,13947,US,Oklahoma,Virgilian,298.9,303.4,-28.89,-2.47,2
amniote,Archer City Bonebed 3,22635,US,Texas,Wolfcamp,268,296.4,-30.01,-1.59,1
amniote,Thrift Bone Bed,22714,US,Texas,Artinskian,279.3,290.1,-29.78,-0.85,2
amniote,West Coffee Creek,22715,US,Texas,Kungurian,272.3,279.3,-28.93,1.81,1
amniote,Locality KF (Middle Vale Formation),27704,US,Texas,Kungurian,272.3,279.3,-29.19,1.89,4
amniote,"UCMP 39179, Jemez Canyon (Abo Formation)",28067,US,New Mexico,Wolfcamp,268,296.4,-34.43,4.24,3
amniote,"Elm Creek, 2 (Putnam Formation)",28120,US,Texas,Sakmarian,290.1,295.5,-30.26,-1.62,2
amniote,"Onion Creek, 3 (Putnam Formation)",28121,US,Texas,Sakmarian,290.1,295.5,-30.26,-1.62,1
amniote,"Three Forks of the Little Wichita, 5 (Putnam Formation)",28123,US,Texas,Sakmarian,290.1,295.5,-30.26,-1.62,2
amniote,"Shell Point, 6 (Putnam Formation)",28124,US,Texas,Sakmarian,290.1,295.5,-30.26,-1.62,2
amniote,"Long Creek, 7 (Putnam Formation)",28125,US,Texas,Sakmarian,290.1,295.5,-30.26,-1.62,2
amniote,"Middle Fork of the Little Wichita, 10 (Admiral Formation)",28141,US,Texas,Artinskian,279.3,290.1,-30.06,-1.3,3
amniote,"South of Holliday, 11 (Admiral Formation)",28239,US,Texas,Artinskian,279.3,290.1,-30,-1.09,2
amniote,"Mount Barry, 12 (Admiral Formation)",28142,US,Texas,Artinskian,279.3,290.1,-30,-1.09,8
amniote,"Godwin Creek, 14 (Admiral Formation)",28150,US,Texas,Artinskian,279.3,290.1,-30.27,-1.17,3
amniote,"Scalen's, 16 (Belle Plains Formation)",28240,US,Texas,Artinskian,279.3,290.1,-30.18,-1.06,1
amniote,"Cox's Camp, 17 (Belle Plains Formation)",28143,US,Texas,Artinskian,279.3,290.1,-30.18,-1.06,1
amniote,"Head of Godwin Creek, 18 (Belle Plains Formation)",28144,US,Texas,Artinskian,279.3,290.1,-30.3,-1.05,1
amniote,"South of Fulda, 19 (Belle Plains)",28145,US,Texas,Artinskian,279.3,290.1,-30.3,-1.05,5
amniote,"Slippery Creek, 20 (Belle Plains Formation)",28146,US,Texas,Artinskian,279.3,290.1,-30.18,-1.06,5
amniote,"Tit Mountain, 21 (Belle Plains Formation)",28238,US,Texas,Artinskian,279.3,290.1,-30.18,-1.06,4
amniote,"Camp Creek, 22 (Belle Plains Formation)",28147,US,Texas,Artinskian,279.3,290.1,-30.07,-0.98,2
amniote,"Big Wichita, Cummins, 23 (Belle Plains Formation)",28148,US,Texas,Artinskian,279.3,290.1,-30.3,-1.05,5
amniote,"Beaver Creek, 24 (Belle Plains Formation)",28149,US,Texas,Artinskian,279.3,290.1,-30.04,-0.97,3
amniote,"Northeast of Fulda, 26 (Waggoner Ranch Formation)",28249,US,Texas,Artinskian,272.3,290.1,-30.27,-1,2
amniote,"Bluff Bonebed of Udden, 27 (Waggoner Ranch Formation)",28241,US,Texas,Artinskian,272.3,290.1,-29.97,-1.03,2
amniote,"Coal Creek, 28 (Waggoner Ranch Formation)",28242,US,Texas,Artinskian,272.3,290.1,-30.27,-1,2
amniote,"Mitchell Creek, 29 (Waggoner Ranch Formation)",28250,US,Texas,Artinskian,272.3,290.1,-30.29,-0.93,10
amniote,"Whiskey Creek, 30 (Waggoner Ranch Formation)",28251,US,Texas,Kungurian,272.3,279.3,-28.88,1.73,2
amniote,"Moonshine Creek, 31 (Waggoner Ranch Formation)",28252,US,Texas,Artinskian,272.3,290.1,-30.32,-0.89,2
amniote,"Military Trail, 32 (Waggoner Ranch Formation)",28253,US,Texas,Artinskian,272.3,290.1,-30.32,-0.89,3
amniote,"Coffee Creek, 34 (Arroyo Formation)",28256,US,Texas,Kungurian,272.3,279.3,-28.93,1.77,15
amniote,"Indian Creek, 35 (Arroyo Formation)",28264,US,Texas,Kungurian,272.3,279.3,-28.95,1.77,10
amniote,"Pony Creek, 36 (Arroyo Formation)",28261,US,Texas,Kungurian,272.3,279.3,-28.88,1.73,4
amniote,"Craddock Bonebed, Brush Creek, 38 (Arroyo Formation)",28267,US,Texas,Kungurian,272.3,279.3,-29,1.73,13
amniote,"Hog Creek, 39 (Arroyo Formation)",28270,US,Texas,Kungurian,272.3,279.3,-29.02,1.77,5
amniote,"Table Top Mountain, 40 (Arroyo Formation)",28272,US,Texas,Kungurian,272.3,279.3,-29.05,1.64,3
amniote,"Crooked Creek, 41 (Arroyo Formation)",28273,US,Texas,Kungurian,272.3,279.3,-29.05,1.8,1
amniote,"Beaver Creek, 42 (Arroyo Formation)",28275,US,Texas,Kungurian,272.3,279.3,-28.81,1.94,3
amniote,"Dead Man's Creek, 43 (Arroyo Formation)",28276,US,Texas,Kungurian,272.3,279.3,-29.05,1.64,1
amniote,"Soap Creek, 44 (Arroyo Formation)",28277,US,Texas,Kungurian,272.3,279.3,-29.05,1.64,1
amniote,"North Fork of the Little Wichita, 8",28324,US,Texas,Sakmarian,279.3,295.5,-30.08,-1.33,1
amniote,"Shakhovykh homestead, Yuzhnaya Mylva River, PIN 3318",28480,RU,Komi,Ufimian,272.5,279.5,39.93,31.61,1
amniote,"Coal Mine Point; Divison 4, Section XV, coal-group 15",28069,CA,Nova Scotia,Westphalian A,314.6,318.1,-10.29,-13.31,5
amniote,Geraldine Bonebed,11165,US,Texas,Asselian,290.1,298.9,-30.37,-1.69,5
amniote,El Cobre Canyon (Cutler Formation),34761,US,New Mexico,Virgilian,298.9,303.4,-34.62,3.06,10
amniote,"Footprint quarry 1 1/2 miles SW of Attleboro, MA",34780,US,Massachusetts,Pennsylvanian,298.9,323.2,-12.66,-10.94,1
amniote,McLeod farm well,48897,CA,Prince Edward Island,Artinskian,279.3,290.1,-0.67,1.2,1
amniote,Taylor County Site 7 (Pelecypods),67737,US,Texas,Kungurian,272.3,279.3,-30.15,0.6,1
amniote,Richards Spur,67862,US,Oklahoma,Leonard,268,290.1,-28.89,0.32,26
amniote,South Grandfield,67945,US,Oklahoma,Kungurian,272.3,279.3,-28.41,1.95,5
amniote,Southwest of Abilene,68171,US,Texas,Kungurian,272.3,279.3,-29.97,0.86,1
amniote,Hamilton Quarry,68427,US,Kansas,Virgilian,298.9,303.4,-26.91,-0.1,4
amniote,"""Copper Shept""",71671,US,Texas,Artinskian,272.3,290.1,-30.29,-0.93,1
amniote,Locality KS (Upper San Angelo Fm.),78559,US,Texas,Kungurian,268.8,279.3,-28.76,3.34,3
amniote,Archer City Bonebed 1 (Putnam Fm.),79162,US,Texas,Wolfcamp,268,296.4,-30.06,-1.27,7
amniote,"Gorki village, PIN 1156",79166,RU,Kirov,Ufimian,268,279.5,43.55,27.04,1
amniote,"Orlando site, Noble Co. (Wellington Fm.)",79402,US,Oklahoma,Artinskian,279.3,290.1,-27.83,0.34,4
amniote,"Perry site 6, bed 21",79408,US,Oklahoma,Leonard,268,290.1,-27.41,1.27,1
amniote,Norman,79531,US,Oklahoma,Kungurian,272.3,279.3,-26.9,2.21,2
amniote,Locality KAC (Lower Flowerpot Shale),79600,US,Texas,Kungurian,268.8,279.3,-28.81,3.3,9
amniote,Locality FA - Pipe Site,79601,US,Texas,Leonard,268,290.1,-30.21,0,2
amniote,Crescent,79602,US,Oklahoma,Kungurian,272.3,279.3,-26.67,2.98,2
amniote,"Locality HA (""Lower San Angelo Fm."")",79694,US,Texas,Kungurian,268.8,279.3,-28.44,3.59,4
amniote,McCann Quarry,79815,US,Oklahoma,Leonard,268,290.1,-27.2,1.6,4
amniote,Locality KZ (Upper San Angelo Fm.),80014,US,Texas,Kungurian,268.8,279.3,-28.83,3.26,1
amniote,"Shikhovo-Chirki, PIN 161",80022,RU,Kirov,Ufimian,268,279.5,41.78,28.25,2
amniote,Locality KD,12976,US,Texas,Kungurian,272.3,279.3,-29.23,1.88,4
amniote,Locality KI (Upper Vale Formation),27705,US,Texas,Kungurian,272.3,279.3,-29.21,1.89,2
amniote,Organ Rock Shale,80110,US,Utah,Wolfcamp,268,296.4,-35.74,6.88,3
amniote,Dominion Coal Co. strip mine No. 7,80111,CA,Nova Scotia,Westphalian C,306.95,314.6,-3.96,-8.17,4
amniote,Locality FC (Middle Choza Fm.),80574,US,Texas,Leonard,268,290.1,-30.24,0.07,1
amniote,Saint-Christophe-Vallon,80576,FR,Aveyron,Sakmarian,254.17,295.5,19.6,3.43,2
amniote,Navina,80578,US,Oklahoma,Kungurian,272.3,279.3,-26.67,2.8,1
amniote,Locality KX (Upper San Angelo Fm.),80668,US,Texas,Kungurian,268.8,279.3,-28.82,3.26,1
amniote,Locality KR (Upper San Angelo Fm.),80669,US,Texas,Kungurian,268.8,279.3,-28.77,3.34,4
amniote,Santagulov Mine,80688,RU,Bashkortostan,Ufimian,268,279.5,47.55,26.12,1
amniote,Locality KV (San Angelo Fm.),80689,US,Texas,Kungurian,268.8,279.3,-28.81,3.33,5
amniote,Maybelle,80690,US,Texas,Leonard,268,290.1,-29.99,-0.3,2
amniote,Danville Locality (Vertebrates),80714,US,Illinois,Missourian,303.4,305.9,-21.51,-3.52,7
amniote,Igornay,80716,FR,Bourgogne,Stephanian,298.9,306.95,17.05,0.37,1
amniote,"Locality 6, near Cameron",80720,US,Ohio,Asselian,290.1,298.9,-14.93,-2.65,1
amniote,southeast of Windthorst,80723,US,Texas,Wolfcamp,268,296.4,-29.92,-1.37,1
amniote,Wildcat Canyon,80732,US,Kansas,Sakmarian,279.3,295.5,-27.04,1.08,1
amniote,Trematops locality (Belle Plains Fm.),80741,US,Texas,Artinskian,279.3,290.1,-30.27,-1.09,1
amniote,Arroyo del Agua type locality of Edaphosaurus novomexicanus,80770,US,New Mexico,Wolfcamp,268,296.4,-34.08,4.48,1
amniote,Nowa Ruda,80773,PL,Lower Silesia,Kuzel,298.9,301.2,24.77,7.37,1
amniote,"Pitcairn, PA",80775,US,Pennsylvania,Missourian,303.4,305.9,-15.75,-5.63,1
amniote,Les Telots,80777,FR,Bourgogne,Artinskian,279.3,290.1,18.55,2.72,1
amniote,Kenilworth,80783,UK,England,Asselian,295.5,298.9,13.51,6.65,2
amniote,Garnett Quarry,80784,US,Kansas,Missourian,303.4,305.9,-27.44,-2.3,10
amniote,Baldwin bonebed,80833,US,New Mexico,Wolfcamp,268,296.4,-34.08,4.56,3
amniote,Clark Hill,80877,US,Ohio,Sakmarian,290.1,295.5,-14.82,-2.52,1
amniote,Locality KW (Upper San Angelo Fm.),80917,US,Texas,Kungurian,268.8,279.3,-28.82,3.27,1
amniote,Falmouth Locality,81114,US,Illinois,Stephanian,298.9,306.95,-21.61,-3.29,1
amniote,Union Chapel Mine,81525,US,Alabama,Westphalian,306.95,318.1,-29.2,-15.44,1
amniote,Zott Pasture (Putnam Fm.),84715,US,Texas,Wolfcamp,268,296.4,-29.9,-1.34,1
amniote,Rattlesnake Canyon (Admiral Fm.),84716,US,Texas,Artinskian,279.3,290.1,-30.23,-1.14,5
amniote,"Berezovye Polyanki, PIN 4310",84717,RU,Tatarstan,Ufimian,268,279.5,44.62,26.57,2
amniote,Us'va,84718,RU,Perm,Ufimian,272.5,279.5,43.81,30.12,1
amniote,"Inta city, PIN 570, PIN 3950",84719,RU,Komi,Ufimian,272.5,279.5,38.06,35.78,2
amniote,UCMP V-2814,77412,US,New Mexico,Virgilian,268,303.4,-34.09,4.48,7
amniote,"Perry site 6, beds 18+19",84941,US,Oklahoma,Leonard,268,290.1,-27.41,1.27,3
amniote,Woodrum's (Belle Plains Fm.),85112,US,Texas,Artinskian,279.3,290.1,-30.3,-1.19,1
amniote,Weiss Locality (Waggoner Ranch Fm.),79813,US,Texas,Leonard,268,290.1,-29.69,-0.09,1
amniote,South Carnegie Site,80691,US,Oklahoma,Leonard,268,290.1,-28.96,0.59,5
amniote,Fish Creek,85125,US,Texas,Kungurian,272.3,279.3,-29.04,1.83,1
amniote,Locality KN  (San Angelo Fm.),80729,US,Texas,Kungurian,268.8,279.3,-28.9,3.19,4
amniote,Locality KP (San Angelo Fm.),80692,US,Texas,Kungurian,268.8,279.3,-28.91,3.21,2
amniote,Locality KY (San Angelo Fm.),85170,US,Texas,Kungurian,268.8,279.3,-28.81,3.28,3
amniote,Bromacker Quarry (upper level of Tambach sandstone),80112,DE,Thuringia,Artinskian,279.3,290.1,21.71,7.41,7
amniote,Locality KAB (Upper San Angelo Fm.),85171,US,Texas,Kungurian,268.8,279.3,-28.81,3.28,4
amniote,Blacksville,85178,US,West Virginia,Asselian,295.5,298.9,-14.53,-3.08,1
amniote,Locality KAD (Upper San Angelo Fm.),85280,US,Texas,Kungurian,268.8,279.3,-28.82,3.3,1
amniote,Locality KAE (Upper San Angelo Fm.),85281,US,Texas,Kungurian,268.8,279.3,-28.83,3.29,1
amniote,Lueders Fm. Locality 1,85299,US,Texas,Artinskian,272.3,290.1,-30.3,-0.91,3
amniote,Lueders Fm. Locality 2,85300,US,Texas,Artinskian,272.3,290.1,-30.32,-0.89,3
amniote,Lueders Fm. Locality 3,85301,US,Texas,Artinskian,272.3,290.1,-30.3,-0.87,2
amniote,Miller Bonebed,85337,US,New Mexico,Wolfcamp,268,296.4,-34.08,4.56,2
amniote,Poleo Creek,85339,US,New Mexico,Wolfcamp,268,296.4,-34.08,4.56,1
amniote,Wichita River near Vernon Crossing,85341,US,Texas,Artinskian,272.3,290.1,-30.23,-0.95,1
amniote,Big Wichita River (Arroyo Fm.),85342,US,Texas,Kungurian,272.3,279.3,-29.01,1.8,1
amniote,Locality FA - Green Nodule Site,85361,US,Texas,Leonard,268,290.1,-30.21,0,1
amniote,Locality FA - Diplocaulus Site,85362,US,Texas,Leonard,268,290.1,-30.21,0,2
amniote,Rio Puerco,85433,US,New Mexico,Wolfcamp,268,296.4,-34.08,4.53,2
amniote,NE Arroyo de Agua,85434,US,New Mexico,Wolfcamp,268,296.4,-34.06,4.54,1
amniote,SE Arroyo de Agua,85435,US,New Mexico,Wolfcamp,268,296.4,-34.07,4.52,1
amniote,NE Socorro,85436,US,New Mexico,Wolfcamp,268,296.4,-35.31,2.97,2
amniote,SE Santa Fe,85437,US,New Mexico,Wolfcamp,268,296.4,-33.78,3.37,1
amniote,Linton,85292,US,Ohio,Westphalian D,306.95,311.45,-18.48,-8.09,3
amniote,Nyrany,84835,CZ,Pilsen,Westphalian D,306.95,311.45,19.67,0.55,5
amniote,Niederhaslich,52522,DE,Saxony,Sakmarian,290.1,295.5,23.3,7.73,3
amniote,Konigin-Carola-Schacht,85474,DE,Saxony,Asselian,295.5,298.9,23.06,7.42,1
amniote,Placerville Localities 3 + 4,85475,US,Colorado,Wolfcamp,268,296.4,-33.86,6.69,1
amniote,Placerville Locality 1,85476,US,Colorado,Wolfcamp,268,296.4,-33.9,6.74,2
amniote,Placerville Locality 2,85477,US,Colorado,Wolfcamp,268,296.4,-33.89,6.74,1
amniote,Placerville Localities 5 + 6,85478,US,Colorado,Wolfcamp,268,296.4,-33.87,6.68,1
amniote,Placerville Localities 7-10,85479,US,Colorado,Wolfcamp,268,296.4,-33.86,6.67,2
amniote,Placerville Localities 11-13,85480,US,Colorado,Wolfcamp,268,296.4,-33.86,6.66,3
amniote,Placerville Locality 15 + 16,85482,US,Colorado,Wolfcamp,268,296.4,-33.85,6.65,2
amniote,Locality KB (Upper Vale Fm.),85551,US,Texas,Kungurian,272.3,279.3,-29.23,1.85,4
amniote,Locality KC (Upper Vale Fm.),85552,US,Texas,Kungurian,272.3,279.3,-29.24,1.84,3
amniote,Locality KE (Upper Vale Fm.),85553,US,Texas,Kungurian,272.3,279.3,-29.21,1.88,1
amniote,Locality KG (Upper Vale Fm.),85554,US,Texas,Kungurian,272.3,279.3,-29.21,1.9,1
amniote,Crooked Creek (Lower Vale Fm.),85556,US,Texas,Kungurian,272.3,279.3,-29.08,1.83,1
amniote,Locality KH (Upper Vale Fm.),85555,US,Texas,Kungurian,272.3,279.3,-29.17,1.9,2
amniote,Cottonwood Creek (Moran Fm.),79163,US,Texas,Asselian,295.5,298.9,-30.65,-2.02,4
amniote,"Perry site 6, bed 16",85567,US,Oklahoma,Leonard,268,290.1,-27.41,1.27,2
amniote,Rito Puerco,80916,US,New Mexico,Wolfcamp,268,296.4,-34.08,4.53,1
amniote,Deep Red Run,85733,US,Oklahoma,Artinskian,272.3,290.1,-29.65,-0.67,5
amniote,Electra (Clyde Fm.),85950,US,Texas,Artinskian,272.3,290.1,-30.02,-0.77,1
amniote,OMNH locality V114,87054,US,Oklahoma,Leonard,268,290.1,-27.42,1.76,4
amniote,Norman,87091,US,Oklahoma,Kungurian,272.3,279.3,-26.92,2.3,1
amniote,Noble,87092,US,Oklahoma,Kungurian,272.3,279.3,-26.91,2.19,1
amniote,Coventry,89649,UK,England,Asselian,295.5,298.9,13.54,6.7,1
amniote,Sao Mateus do Sul,90190,BR,Paraná,Artinskian,279.3,290.1,-31.49,-47.4,1
amniote,Kimberley,90257,ZA,Northern Cape,Artinskian,279.3,290.1,-41.44,-63.64,1
amniote,"Mayro limestone quarry, Tietê",90358,BR,São Paulo,Artinskian,279.3,290.1,-26.55,-45.94,1
amniote,"Irati Formation, PR",90227,BR,Paraná,Artinskian,279.3,290.1,-31.52,-46.98,1
amniote,"Irati Formation, SP",90193,BR,São Paulo,Artinskian,279.3,290.1,-26.66,-45.77,1
amniote,Piracicaba,90226,BR,São Paulo,Artinskian,279.3,290.1,-26.26,-45.63,1
amniote,"Passo Sao Borja, tempestite bed",79927,BR,Rio Grande do Sul,Artinskian,279.3,290.1,-39.28,-49.75,1
amniote,Rio Claro municipality,90429,BR,São Paulo,Artinskian,279.3,290.1,-26.05,-45.44,1
amniote,Villarrica,90832,PY,Guairá,Artinskian,279.3,290.1,-38.41,-44.86,1
amniote,"Joggins; Divison 4, Section XII, coal-group 26",86946,CA,Nova Scotia,Westphalian A,314.6,318.1,-10.29,-13.31,1
amniote,"East side of King's Knob, near Laings Post Office",94802,US,Ohio,Sakmarian,290.1,295.5,-14.9,-2.5,1
amniote,Remigiusberg Quarry,109702,DE,Rhineland-Palatinate,Gzhelian,298.9,303.7,19.03,4.57,1
amniote,E. C. Olson locality near Mitchell Creek,119428,US,Texas,Artinskian,272.3,290.1,-30.29,-0.93,1
amniote,Promontory of Torre del Porticciolo,161206,IT,Sardinia,Artinskian,268.8,290.1,NA,NA,1
amniote,Autunois Bolosauridae,164623,FR,Burgundy,Gzhelian,295.5,303.7,18,1.68,1
amniote,Cape Egmont,171344,CA,Prince Edward Island,Gzhelian,298.9,303.7,-1.95,-0.46,1
amniote,Valley floor of east Camp Quarry,171346,US,New Mexico,Wolfcamp,268,296.4,-34.08,4.53,1
amniote,"Les Tuilieres, Lodeve",171350,FR,Languedoc-Roussillon,Asselian,295.5,298.9,18.1,-1.36,1
amniote,McKnight Road 6 miles north of Pittsburgh,173987,US,Pennsylvania,Missourian,298.9,305.9,-14.93,-3.75,1
amniote,Locality KH Clay Hill site,177000,US,Texas,Kungurian,272.3,279.3,-29.17,1.9,1
amniote,Locality KA Quarry site,177003,US,Texas,Kungurian,272.3,279.3,-29.23,1.84,4
amniote,Locality KD Quarry site,177014,US,Texas,Kungurian,272.3,279.3,-29.23,1.88,1
amniote,Locality KD Weathered Boulder site,177015,US,Texas,Kungurian,272.3,279.3,-29.23,1.88,2
amniote,Locality KJ (Upper Vale Fm.),177017,US,Texas,Kungurian,272.3,279.3,-29.21,1.9,1
amniote,Locality BR (Lower Vale Fm.),177019,US,Texas,Kungurian,272.3,279.3,-29.04,1.64,2
amniote,Taylor County Site 7,67735,US,Texas,Kungurian,272.3,279.3,-30.15,0.6,6
amniote,Blackwood Locality,178738,US,Texas,Kungurian,272.3,279.3,-30.16,0.72,6
amniote,Raney Farm,162676,US,Nebraska,Asselian,295.5,298.9,-25.19,2.48,1
amniote,Arroyo del Agua,179932,US,New Mexico,Wolfcamp,268,296.4,-34.08,4.54,1
amniote,Van der Hoof Quarry,180106,US,New Mexico,Wolfcamp,268,296.4,-34.07,4.5,2
amniote,Anderson Quarry,180382,US,New Mexico,Wolfcamp,268,296.4,-34.1,4.51,3
amniote,Quarry butte,180383,US,New Mexico,Wolfcamp,268,296.4,-34.07,4.5,2
amniote,Welles Quarry (Arroyo del Agua),180384,US,New Mexico,Wolfcamp,268,296.4,-34.07,4.5,2
amniote,"Kounov, Rakovnik District",154179,CZ,,Stephanian B,303.4,304.8,21.74,4.64,3
amniote,"Nazaria, Piaui State",180810,BR,Piaui,Kungurian,272.3,279.3,-11.18,-27.92,1
amniote,UCMP V-2844,180940,US,New Mexico,Wolfcamp,268,296.4,-34.08,4.53,2
amniote,"Badger Creek, Fremont County",180938,US,Colorado,Missourian,303.4,305.9,-34.25,2.44,1
amniote,Elm Grove,177058,US,West Virginia,Virgilian,298.9,303.4,-15.22,-3.49,1
amniote,Jemez Springs,180974,US,New Mexico,Wolfcamp,268,296.4,-34.33,4.24,3
amniote,Coprolite Bonebed,180978,US,Texas,Wolfcamp,268,296.4,-30.04,-1.17,2
amniote,Kammerberg near Manebach,180761,DE,Thuringia,Gzhelian,295.5,303.7,22.37,4.25,1
amniote,"Black Shales of Autun, near Margenne",180981,FR,Burgundy,Artinskian,279.3,290.1,18.56,2.69,1
amniote,Sierra Lucero Locality,180988,US,New Mexico,Sakmarian,279.3,295.5,-35.35,3.52,1
amniote,Pecos River Valley Locality (Sangre de Cristo),180989,US,New Mexico,Gzhelian,290.1,303.7,-35.7,2.91,2
amniote,Pond Creek,180990,US,Oklahoma,Leonard,268,290.1,-27.43,1.65,5
amniote,Waurika Site 1,180991,US,Oklahoma,Leonard,268,290.1,-28.99,-0.33,3
amniote,Locality BW (Lower Vale Fm.),180992,US,Texas,Artinskian,268.8,290.1,-30.44,-0.02,1
amniote,Torre del Porticciolo,180994,IT,Sassari,Gzhelian,290.1,303.7,NA,NA,1
amniote,"Moissey, Jura Dept.",181051,FR,Jura,Autunian,295,298.9,18.93,2.34,1
amniote,SE of Fulda,181054,US,Texas,Artinskian,279.3,290.1,-30.3,-1.05,1
amniote,Cardillo Quarry,181075,US,New Mexico,Wolfcamp,268,296.4,-34.09,4.49,3
amniote,Spanish Queen mine locality,181076,US,New Mexico,Wolfcamp,268,296.4,-34.35,4.22,1
amniote,Tularosa Locality,181077,US,New Mexico,Wolfcamp,268,296.4,-35.51,1.76,4
amniote,Caballo Mountains locality,181037,US,New Mexico,Wolfcamp,268,296.4,-36.29,2.32,1
amniote,Los Pinos Mountains locality,181078,US,New Mexico,Wolfcamp,268,296.4,-35.1,2.98,1
amniote,Pitcairn Locailty,180937,US,Pennsylvania,Missourian,303.4,305.9,-15.75,-5.63,1
amniote,"Golyusherma, PIN 4276",187322,RU,Udmurtia,Ufimian,268,279.5,45.03,27.27,1
amniote,"Ust'-Koin locality, PIN 4416",180620,RU,Komi Republic,Ufimian,268,279.5,39.3,31.14,4
amniote,"""Perm Region"" mines, Syodon biarmicum holotype site",187716,RU,Perm Krai,Ufimian,272.5,279.5,43.81,29.15,1
amniote,"Sidorovy Gory, PIN 4312/1",187932,RU,Udmurt,Ufimian,268,279.5,44.9,28.3,1
amniote,Mngaka River 1,188881,TZ,Ruvuma,Permian,252.17,298.9,7.47,-60.57,1
amniote,Mezhevaya,189304,RU,Udmurtia,Ufimian,268,279.5,45.28,27.98,1
amniote,Beaufort West,189533,ZA,,Permian,252.17,298.9,-43.7,-60.35,1
amniote,Sekretariskraal,189534,ZA,,Permian,252.17,298.9,-42.62,-61.29,1
amniote,Quaggafontein,189535,ZA,,Permian,252.17,298.9,-39.69,-62.2,1
amniote,"Ters-Akkan, PIN 622",189581,,Akmola Obly,Ufimian,272.5,279.5,49.53,22.83,1
amniote,Mngaka River 2,188882,TZ,Ruvuma,Permian,252.17,298.9,7.47,-60.57,1
amniote,Springfontein,190040,ZA,Northern Cape,Permian,252.17,298.9,-43.38,-58.97,1
amniote,Lost,190042,ZA,,Permian,252.17,298.9,-41.17,-59.58,1
amniote,Tafelberg,190043,ZA,,Permian,252.17,298.9,-43.34,-60.14,1
amniote,Reiersvlei Farm,190082,ZA,,Permian,252.17,298.9,-43.23,-59.88,1
amniote,Graaf-Reinet,190134,ZA,,Permian,252.17,298.9,-43.04,-61.98,1
amniote,20 miles northwest of Graaff-Reinet,190136,ZA,,Permian,252.17,298.9,-42.75,-61.71,1
amniote,"Elim, Burghersdorp district",190137,ZA,,Permian,252.17,298.9,-42.13,-62.39,2
amniote,Modderdrift farm,117279,ZA,West Cape,Kungurian,272.3,279.3,-45.3,-60.41,1
amniote,Chemnitz petrified forest,153497,DE,,Sakmarian,279.3,295.5,23.1,7.8,1
amniote,Tlumaczow Quarry tracksite,197201,PL,Lower Silesia,Rotliegendes,254,298.9,27.05,10.89,2
amniote,"Farm Uitkyk, Calvinia District",90345,ZA,Northern Cape,Artinskian,279.3,290.1,-48.22,-59.66,1
amniote,"Old Military Crossing, Whiskey Creek, Wichita River",108766,US,Texas,Artinskian,279.3,290.1,-30.3,-0.95,3
amphibian,El Cobre Canyon,12943,US,New Mexico,Missourian,298.9,305.9,-34.93,2.53,1
amphibian,Broiliellus pocket,13046,US,Texas,Kungurian,272.3,279.3,-28.89,1.8,1
amphibian,Thaxton Ranch,13048,US,Texas,Wolfcamp,268,296.4,-29.58,-1.28,1
amphibian,Briar Creek,13080,US,Texas,Artinskian,279.3,290.1,-30.21,-1.18,8
amphibian,Main Bluff at West Bay,13219,CA,Nova Scotia,Westphalian A,314.6,318.1,-10.26,-13.62,1
amphibian,Platyhystrix pocket Locality,13257,US,Utah,Asselian,290.1,298.9,-35.77,6.4,5
amphibian,OMNH V1005,13947,US,Oklahoma,Virgilian,298.9,303.4,-28.89,-2.47,5
amphibian,Archer City Bonebed 3,22635,US,Texas,Wolfcamp,268,296.4,-30.01,-1.59,2
amphibian,Thrift Bone Bed,22714,US,Texas,Artinskian,279.3,290.1,-29.78,-0.85,4
amphibian,Cowdenbeath Amphibian Bonebed,22726,UK,England,Pendleian,318.1,326.4,0.18,-9.49,9
amphibian,West Coffee Creek,22715,US,Texas,Kungurian,272.3,279.3,-28.93,1.81,1
amphibian,Rowland Site,22716,US,Texas,Kungurian,272.3,279.3,-29.75,1.3,3
amphibian,Parioxys site,22667,US,Texas,Asselian,290.1,298.9,-30.38,-1.97,1
amphibian,Williams Ranch 1,22668,US,Texas,Artinskian,279.3,290.1,-30.27,-1.13,1
amphibian,Williams Ranch 2,22669,US,Texas,Artinskian,279.3,290.1,-30.27,-1.13,1
amphibian,Gray Creek,22670,US,Texas,Kungurian,272.3,279.3,-28.93,1.79,2
amphibian,Indian Creek,22671,US,Texas,Kungurian,272.3,279.3,-28.93,1.79,1
amphibian,South side of Tit Mountain butte,27133,US,Texas,Artinskian,279.3,290.1,-30.18,-1.06,1
amphibian,Risin Spur (Gangamopteris Shales),27263,IN,Kashmir,Asselian,290.1,298.9,61.41,-55.08,5
amphibian,MC-1 (Duncan Formation),27601,US,Oklahoma,Kungurian,268.8,279.3,-26.45,3.46,1
amphibian,Locality KF (Middle Vale Formation),27704,US,Texas,Kungurian,272.3,279.3,-29.19,1.89,6
amphibian,"UCMP 39179, Jemez Canyon (Abo Formation)",28067,US,New Mexico,Wolfcamp,268,296.4,-34.43,4.24,4
amphibian,UCMP V-3440 (Abo Formation),28068,US,New Mexico,Rotliegendes,254,298.9,-33.06,6.75,2
amphibian,"Coal Mine Point; Divison 4, Section XV, coal-group 15",28069,CA,Nova Scotia,Westphalian A,314.6,318.1,-10.29,-13.31,10
amphibian,"Cottonwood Creek, 1 (Putnam Formation)",28119,US,Texas,Sakmarian,290.1,295.5,-30.42,-1.67,1
amphibian,"Elm Creek, 2 (Putnam Formation)",28120,US,Texas,Sakmarian,290.1,295.5,-30.26,-1.62,1
amphibian,"Fireplace, 4 (Putnam Formation)",28122,US,Texas,Sakmarian,290.1,295.5,-30.26,-1.62,2
amphibian,"Three Forks of the Little Wichita, 5 (Putnam Formation)",28123,US,Texas,Sakmarian,290.1,295.5,-30.26,-1.62,3
amphibian,"Shell Point, 6 (Putnam Formation)",28124,US,Texas,Sakmarian,290.1,295.5,-30.26,-1.62,3
amphibian,"Long Creek, 7 (Putnam Formation)",28125,US,Texas,Sakmarian,290.1,295.5,-30.26,-1.62,2
amphibian,"Middle Fork of the Little Wichita, 10 (Admiral Formation)",28141,US,Texas,Artinskian,279.3,290.1,-30.06,-1.3,3
amphibian,"South of Holliday, 11 (Admiral Formation)",28239,US,Texas,Artinskian,279.3,290.1,-30,-1.09,1
amphibian,"Mount Barry, 12 (Admiral Formation)",28142,US,Texas,Artinskian,279.3,290.1,-30,-1.09,7
amphibian,"Godwin Creek, 14 (Admiral Formation)",28150,US,Texas,Artinskian,279.3,290.1,-30.27,-1.17,6
amphibian,"Scalen's, 16 (Belle Plains Formation)",28240,US,Texas,Artinskian,279.3,290.1,-30.18,-1.06,4
amphibian,"Cox's Camp, 17 (Belle Plains Formation)",28143,US,Texas,Artinskian,279.3,290.1,-30.18,-1.06,4
amphibian,"Head of Godwin Creek, 18 (Belle Plains Formation)",28144,US,Texas,Artinskian,279.3,290.1,-30.3,-1.05,1
amphibian,"South of Fulda, 19 (Belle Plains)",28145,US,Texas,Artinskian,279.3,290.1,-30.3,-1.05,7
amphibian,"Slippery Creek, 20 (Belle Plains Formation)",28146,US,Texas,Artinskian,279.3,290.1,-30.18,-1.06,5
amphibian,"Tit Mountain, 21 (Belle Plains Formation)",28238,US,Texas,Artinskian,279.3,290.1,-30.18,-1.06,7
amphibian,"Camp Creek, 22 (Belle Plains Formation)",28147,US,Texas,Artinskian,279.3,290.1,-30.07,-0.98,3
amphibian,"Big Wichita, Cummins, 23 (Belle Plains Formation)",28148,US,Texas,Artinskian,279.3,290.1,-30.3,-1.05,2
amphibian,"Beaver Creek, 24 (Belle Plains Formation)",28149,US,Texas,Artinskian,279.3,290.1,-30.04,-0.97,2
amphibian,"Bluff Bonebed of Udden, 27 (Waggoner Ranch Formation)",28241,US,Texas,Artinskian,272.3,290.1,-29.97,-1.03,4
amphibian,"Coal Creek, 28 (Waggoner Ranch Formation)",28242,US,Texas,Artinskian,272.3,290.1,-30.27,-1,1
amphibian,"Mitchell Creek, 29 (Waggoner Ranch Formation)",28250,US,Texas,Artinskian,272.3,290.1,-30.29,-0.93,3
amphibian,"Whiskey Creek, 30 (Waggoner Ranch Formation)",28251,US,Texas,Kungurian,272.3,279.3,-28.88,1.73,3
amphibian,"Moonshine Creek, 31 (Waggoner Ranch Formation)",28252,US,Texas,Artinskian,272.3,290.1,-30.32,-0.89,3
amphibian,"Military Trail, 32 (Waggoner Ranch Formation)",28253,US,Texas,Artinskian,272.3,290.1,-30.32,-0.89,5
amphibian,"Coffee Creek, 34 (Arroyo Formation)",28256,US,Texas,Kungurian,272.3,279.3,-28.93,1.77,30
amphibian,"Indian Creek, 35 (Arroyo Formation)",28264,US,Texas,Kungurian,272.3,279.3,-28.95,1.77,8
amphibian,"Pony Creek, 36 (Arroyo Formation)",28261,US,Texas,Kungurian,272.3,279.3,-28.88,1.73,4
amphibian,"Gray's Creek, 37 (Arroyo Formation)",28266,US,Texas,Kungurian,272.3,279.3,-28.88,1.73,5
amphibian,"Craddock Bonebed, Brush Creek, 38 (Arroyo Formation)",28267,US,Texas,Kungurian,272.3,279.3,-29,1.73,18
amphibian,"Hog Creek, 39 (Arroyo Formation)",28270,US,Texas,Kungurian,272.3,279.3,-29.02,1.77,6
amphibian,"Table Top Mountain, 40 (Arroyo Formation)",28272,US,Texas,Kungurian,272.3,279.3,-29.05,1.64,6
amphibian,"Crooked Creek, 41 (Arroyo Formation)",28273,US,Texas,Kungurian,272.3,279.3,-29.05,1.8,3
amphibian,"Beaver Creek, 42 (Arroyo Formation)",28275,US,Texas,Kungurian,272.3,279.3,-28.81,1.94,8
amphibian,"Dead Man's Creek, 43 (Arroyo Formation)",28276,US,Texas,Kungurian,272.3,279.3,-29.05,1.64,1
amphibian,"Soap Creek, 44 (Arroyo Formation)",28277,US,Texas,Kungurian,272.3,279.3,-29.05,1.64,2
amphibian,"North Fork of the Little Wichita, 8",28324,US,Texas,Sakmarian,279.3,295.5,-30.08,-1.33,5
amphibian,"Byars, McClain County (""Gearyan strata"")",28394,US,Oklahoma,Wolfcamp,268,296.4,-28.26,-0.85,2
amphibian,"Perdasdefogu Basin Level D, Sardinia",28463,IT,Sardinia,Autunian,252.17,298.9,NA,NA,1
amphibian,"Perdasdefogu Basin Level E, Sardinia",28464,IT,Sardinia,Autunian,252.17,298.9,NA,NA,1
amphibian,"Perdasdefogu Basin Level G, Sardinia",28465,IT,Sardinia,Autunian,252.17,298.9,NA,NA,1
amphibian,One mile north of Ned (Dunkard Series),28466,US,Pennsylvania,Sakmarian,290.1,295.5,-14.52,-2.63,1
amphibian,Geraldine Bonebed,11165,US,Texas,Asselian,290.1,298.9,-30.37,-1.69,5
amphibian,Kinney Brick Quarry macroflora,11323,US,New Mexico,Virgilian,298.9,303.4,-35.49,1.77,1
amphibian,Buxieres-les-Mines (Autunian shales),34797,FR,,Asselian,290.1,298.9,17.46,1.45,2
amphibian,Lake Kemp 1,11149,US,Texas,Artinskian,279.3,290.1,-30.34,-0.95,1
amphibian,Olson Locality Bac (Vale Formation),36571,US,Texas,Kungurian,272.3,279.3,-29.04,1.65,1
amphibian,Sterlitamak - Melosaurus uralensis site,37065,RU,Bashkortostan,Ufimian,268,279.5,48.25,26.68,1
amphibian,Adrasman quarry,38320,TJ,,Rotliegendes,254,298.9,71.9,19.94,2
amphibian,Kinney Clay Pit (USNM coll),49663,US,New Mexico,Kasimovian,303.7,307,-36.67,-0.08,1
amphibian,"Kochov-Novici stratigraphic section, Boskovice Furrow",51265,CZ,,Asselian,290.1,298.9,25.51,6.77,2
amphibian,Niederhaslich,52522,DE,Saxony,Sakmarian,290.1,295.5,23.3,7.73,7
amphibian,"Olivetin, Broumov City, Boheme",58139,CZ,Boheme,Rotliegendes,254,298.9,26.98,10.91,6
amphibian,Richards Spur,67862,US,Oklahoma,Leonard,268,290.1,-28.89,0.32,20
amphibian,South Grandfield,67945,US,Oklahoma,Kungurian,272.3,279.3,-28.41,1.95,10
amphibian,Southwest of Abilene,68171,US,Texas,Kungurian,272.3,279.3,-29.97,0.86,1
amphibian,Goreville,68319,US,Illinois,Arnsbergian,318.1,326.4,-35.6,-18.77,3
amphibian,UCMP V-2814,77412,US,New Mexico,Virgilian,268,303.4,-34.09,4.48,7
amphibian,"Orlando site, Noble Co. (Wellington Fm.)",79402,US,Oklahoma,Artinskian,279.3,290.1,-27.83,0.34,8
amphibian,Norman,79531,US,Oklahoma,Kungurian,272.3,279.3,-26.9,2.21,6
amphibian,Locality KD,12976,US,Texas,Kungurian,272.3,279.3,-29.23,1.88,4
amphibian,Organ Rock Shale,80110,US,Utah,Wolfcamp,268,296.4,-35.74,6.88,4
amphibian,Dominion Coal Co. strip mine No. 7,80111,CA,Nova Scotia,Westphalian C,306.95,314.6,-3.96,-8.17,4
amphibian,Bromacker Quarry (upper level of Tambach sandstone),80112,DE,Thuringia,Artinskian,279.3,290.1,21.71,7.41,12
amphibian,Locality KO (Upper San Angelo Fm.),80717,US,Texas,Kungurian,268.8,279.3,-28.91,3.2,1
amphibian,Union Chapel Mine,81525,US,Alabama,Westphalian,306.95,318.1,-29.2,-15.44,3
amphibian,"Berezovye Polyanki, PIN 4310",84717,RU,Tatarstan,Ufimian,268,279.5,44.62,26.57,1
amphibian,Locality FA - Pipe Site,79601,US,Texas,Leonard,268,290.1,-30.21,0,2
amphibian,"Perry site 6, beds 18+19",84941,US,Oklahoma,Leonard,268,290.1,-27.41,1.27,1
amphibian,McCann Quarry,79815,US,Oklahoma,Leonard,268,290.1,-27.2,1.6,5
amphibian,Trematops locality (Belle Plains Fm.),80741,US,Texas,Artinskian,279.3,290.1,-30.27,-1.09,1
amphibian,South Carnegie Site,80691,US,Oklahoma,Leonard,268,290.1,-28.96,0.59,1
amphibian,Locality KAC (Lower Flowerpot Shale),79600,US,Texas,Kungurian,268.8,279.3,-28.81,3.3,1
amphibian,Locality KP (San Angelo Fm.),80692,US,Texas,Kungurian,268.8,279.3,-28.91,3.21,1
amphibian,"AMNH ?, based on AMNH 4794",80130,US,New Mexico,Wolfcamp,268,296.4,-33.81,4.49,1
amphibian,El Cobre Canyon (Cutler Formation),34761,US,New Mexico,Virgilian,298.9,303.4,-34.62,3.06,9
amphibian,Linton,85292,US,Ohio,Westphalian D,306.95,311.45,-18.48,-8.09,38
amphibian,Lueders Fm. Locality 1,85299,US,Texas,Artinskian,272.3,290.1,-30.3,-0.91,6
amphibian,Lueders Fm. Locality 2,85300,US,Texas,Artinskian,272.3,290.1,-30.32,-0.89,5
amphibian,Lueders Fm. Locality 3,85301,US,Texas,Artinskian,272.3,290.1,-30.3,-0.87,3
amphibian,Nyrany,84835,CZ,Pilsen,Westphalian D,306.95,311.45,19.67,0.55,43
amphibian,Niederkirchen/Westpfalz,85451,DE,Rhineland-Palatinate,Asselian,295.5,298.9,19.79,4.99,5
amphibian,Archer City Bonebed 1 (Putnam Fm.),79162,US,Texas,Wolfcamp,268,296.4,-30.06,-1.27,12
amphibian,Placerville Localities 3 + 4,85475,US,Colorado,Wolfcamp,268,296.4,-33.86,6.69,1
amphibian,Placerville Localities 5 + 6,85478,US,Colorado,Wolfcamp,268,296.4,-33.87,6.68,1
amphibian,Placerville Localities 7-10,85479,US,Colorado,Wolfcamp,268,296.4,-33.86,6.67,3
amphibian,Placerville Locality 14,85481,US,Colorado,Wolfcamp,268,296.4,-33.86,6.66,1
amphibian,"Perry site 6, bed 16",85567,US,Oklahoma,Leonard,268,290.1,-27.41,1.27,3
amphibian,Miller Bonebed,85337,US,New Mexico,Wolfcamp,268,296.4,-34.08,4.56,1
amphibian,SW Cottageville,86885,US,West Virginia,Asselian,290.1,298.9,-15.97,-3.26,1
amphibian,Cape Linzee,86910,CA,Nova Scotia,Westphalian A,314.6,318.1,-8.19,-13.32,1
amphibian,"Joggins; Divison 4, Section XII, coal-group 26",86946,CA,Nova Scotia,Westphalian A,314.6,318.1,-10.29,-13.31,8
amphibian,"Shikhovo-Chirki, PIN 161",80022,RU,Kirov,Ufimian,268,279.5,41.78,28.25,5
amphibian,OMNH locality V114,87054,US,Oklahoma,Leonard,268,290.1,-27.42,1.76,2
amphibian,"Inta city, PIN 570, PIN 3950",84719,RU,Komi,Ufimian,272.5,279.5,38.06,35.78,5
amphibian,Deep Red Run,85733,US,Oklahoma,Artinskian,272.3,290.1,-29.65,-0.67,3
amphibian,Huab Basin amphibian locality,90437,NA,Erongo,Kungurian,268.8,279.3,-26.31,-48.53,1
amphibian,Vale site 1919,90452,US,Texas,Kungurian,272.3,279.3,-29.1,1.9,3
amphibian,USNM Locality 40971,91038,US,Texas,Kungurian,272.3,279.3,-29.08,1.83,1
amphibian,Swisshelm Mts. amphibian site,92271,US,Arizona,Westphalian A,314.6,318.1,-47.77,-7.44,7
amphibian,East of Henrietta,113555,US,Texas,Asselian,290.1,298.9,-29.94,-1.8,1
amphibian,Tambach-Dietharz temporary excavation site,121601,DE,Thuringia,Artinskian,279.3,290.1,21.71,7.38,1
amphibian,Limnopus Trackways,124698,US,West Virginia,Late Pennsylvanian,298.9,306.95,-17.9,-5.87,1
amphibian,Greer,124949,US,West Virginia,Arnsbergian,318.1,326.4,-28.08,-21,4
amphibian,NMMNH 6121,125140,US,New Mexico,Pennsylvanian,298.9,323.2,-39.19,-3.1,1
amphibian,near Elm Groove,125142,US,West Virginia,Virgilian,298.9,303.4,-15.21,-3.49,1
amphibian,Soho Street Quarry,126535,US,Pennsylvania,Stephanian,298.9,306.95,-15.23,-4.42,7
amphibian,Adams Township,126536,US,Ohio,Stephanian,290.1,306.95,-15.19,-3,1
amphibian,Sand Hill,126541,US,West Virginia,Stephanian,290.1,306.95,-14.81,-2.91,1
amphibian,Proctor,126542,US,West Virginia,Sakmarian,290.1,295.5,-14.77,-2.55,1
amphibian,Liberty District,126543,US,West Virginia,Sakmarian,290.1,295.5,-14.55,-2.56,1
amphibian,Tucker District,126544,US,West Virginia,Sakmarian,290.1,295.5,-15.49,-2.99,1
amphibian,Clay District,126545,US,West Virginia,Sakmarian,290.1,295.5,-14.67,-2.38,1
amphibian,Springhill Township,126546,US,West Virginia,Sakmarian,290.1,295.5,-14.05,-2.78,1
amphibian,Meade District,126547,US,West Virginia,Sakmarian,290.1,295.5,-14.59,-2.55,1
amphibian,Battelle District,126548,US,West Virginia,Sakmarian,290.1,295.5,-14.42,-2.72,1
amphibian,Franklin District,126549,US,West Virginia,Sakmarian,290.1,295.5,-14.73,-2.47,1
amphibian,Lafayette 5-55,126570,US,West Virginia,Sakmarian,290.1,295.5,-14.61,-2.44,1
amphibian,Lafayette 6-55,126571,US,West Virginia,Sakmarian,290.1,295.5,-14.47,-2.36,1
amphibian,Lafayette 7-55,126572,US,West Virginia,Sakmarian,290.1,295.5,-14.57,-2.31,1
amphibian,Lafayette 9-55,126574,US,Pennsylvania,Sakmarian,290.1,295.5,-14.41,-2.52,1
amphibian,Lafayette 13-55,126575,US,West Virginia,Sakmarian,290.1,295.5,-14.49,-2.71,1
amphibian,Lafayette 15-55,126577,US,West Virginia,Sakmarian,290.1,295.5,-14.62,-2.69,1
amphibian,Lafayette 17-55,126578,US,West Virginia,Sakmarian,290.1,295.5,-14.58,-2.69,1
amphibian,Lafayette 18-55,126579,US,West Virginia,Sakmarian,290.1,295.5,-14.77,-2.49,1
amphibian,Lafayette 21-55,126580,US,West Virginia,Sakmarian,290.1,295.5,-14.68,-2.68,1
amphibian,Lafayette 22-55,126581,US,West Virginia,Sakmarian,290.1,295.5,-14.72,-2.66,1
amphibian,Lafayette 1-56,126582,US,West Virginia,Sakmarian,290.1,295.5,-15.4,-2.81,1
amphibian,Lafayette 2-56,126583,US,West Virginia,Sakmarian,290.1,295.5,-15.37,-2.82,1
amphibian,Lafayette 4-56,126584,US,West Virginia,Sakmarian,290.1,295.5,-15.53,-2.97,1
amphibian,Limestone Hill,127038,US,Maryland,Sakmarian,290.1,295.5,-15.4,-3,2
amphibian,near MacDale,127110,US,West Virginia,Wolfcamp,268,296.4,-14.31,-1.83,1
amphibian,"Road cut on Hwy 38, Cowley Co., low. low. up. Speiser Sh.",130829,US,Kansas,Sakmarian,290.1,295.5,-27.01,0.67,1
amphibian,"Kochov, Boskovice Furrow",87877,CZ,Moravia,Autunian,295,298.9,25.35,6.67,4
amphibian,Pirnie Colliery,157227,UK,Scotland,Kashirian,311.45,313.8,5.7,0.38,2
amphibian,Perry site 5,163064,US,Oklahoma,Leonard,268,290.1,-27.34,1.22,2
amphibian,Cannelton,165526,US,Pennsylvania,Westphalian,306.95,318.1,-21.08,-11.59,3
amphibian,Halsell Hill,173721,US,Texas,Asselian,295.5,298.9,-30.08,-2.01,2
amphibian,"West side of Puerco River, opposite Youngsville, ""El Rito""",173814,US,New Mexico,Asselian,290.1,298.9,-34.29,4.04,1
amphibian,Diligent River,173815,CA,Nova Scotia,Westphalian A,314.6,318.1,-10.35,-13.59,1
amphibian,"Burghlee Ironstone, Loanhead, Midlothian",174421,UK,Scotland,Pendleian,318.1,326.4,0.32,-9.71,5
amphibian,Toftshaw near Bradford,175174,UK,England,Westphalian A,314.6,318.1,4.95,-5.02,2
amphibian,Kenilworth,80783,UK,England,Asselian,295.5,298.9,13.51,6.65,1
amphibian,near Point Edward,175248,CA,Nova Scotia,Serpukhovian,315.2,330.9,-12.09,-20.77,3
amphibian,Jarrow Colliery,175806,IE,Lenister,Westphalian A,314.6,318.1,1.79,-6.34,9
amphibian,Schmiedestrasse Brickworks near Wuppertal,175907,DE,Westphalia,Marsdenian,314.6,318.1,10.84,-6.19,1
amphibian,"Castlehill, near Carluke",175922,UK,Scotland,Westphalian A,314.6,318.1,3.46,-3.24,2
amphibian,Beach near Joggins,175937,CA,Nova Scotia,Westphalian A,314.6,318.1,-10.29,-13.31,1
amphibian,"Carre Heys near Trawden, Lancashire",175970,UK,,Westphalian A,314.6,318.1,4.69,-4.97,1
amphibian,"Albion Mine, Stellarton",176017,CA,Nova Scotia,Moscovian,307,315.2,-5.73,-8.68,1
amphibian,"Whitley Bay, Tyne and Wear",176067,UK,England,Westphalian,306.95,318.1,6.74,-0.63,1
amphibian,"Paris, Logan County",176082,US,Arkansas,Kasimovian,303.7,307,-27.97,-5.56,1
amphibian,Five Points Coal Mine,176092,US,Ohio,Desmoinesian,305.9,313.8,-18.98,-8.63,6
amphibian,near Steubenville,176110,US,Ohio,Gzhelian,298.9,303.7,-15.18,-3.16,1
amphibian,opencast coal mine at Winstanley,176241,UK,England,Bashkirian,315.2,323.2,2.62,-8.46,1
amphibian,"Quarter, near Hamilton, Strathclyde Region",176242,UK,Scotland,Westphalian,306.95,318.1,5.18,-0.15,4
amphibian,"near Newsham, Northumberland",176252,UK,England,Bashkirian,315.2,323.2,2.97,-7.44,1
amphibian,Swanwick Colliery,176254,UK,England,Westphalian A,314.6,318.1,5.25,-5.66,3
amphibian,Coalbrookdale,176257,UK,England,Bashkirian,315.2,323.2,2.86,-9.33,1
amphibian,"Pirnie, Fife",176258,UK,Scotland,Bashkirian,315.2,323.2,2.05,-5.85,1
amphibian,Larkhill,176259,UK,Scotland,Bashkirian,315.2,323.2,1.59,-6.37,1
amphibian,Carnbroe,176260,UK,Scotland,Bashkirian,315.2,323.2,1.68,-7.25,1
amphibian,"Hamilton, Strathclyde",176261,UK,Scotland,Bashkirian,315.2,323.2,1.53,-6.33,1
amphibian,"Longton, Staffordshire",176262,UK,England,Bashkirian,315.2,323.2,3.02,-8.94,2
amphibian,"Fenton, Staffordshire",176264,UK,England,Bashkirian,315.2,323.2,3.01,-8.94,2
amphibian,Tremosna,125662,CZ,,Westphalian D,306.95,311.45,19.75,0.69,6
amphibian,"Terrapin School, Archer County",176438,US,Texas,Wolfcamp,268,296.4,-30.24,-1.34,2
amphibian,northwest of Padgett,137131,US,Texas,Asselian,272.3,298.9,-29.94,-2.1,1
amphibian,South Fork of the Little Wichita River,176442,US,Texas,Wolfcamp,268,296.4,-30.01,-1.21,1
amphibian,"Padgett, Young County (Archer City Formation)",176495,US,Texas,Gzhelian,268,303.7,-30.43,-1.44,1
amphibian,Cottonwood Creek (Moran Fm.),132661,US,Texas,Asselian,295.5,298.9,-30.65,-2.02,1
amphibian,"Antelope, Jack County (Pueblo Formation)",176496,US,Texas,Asselian,295.5,298.9,-30.28,-2.07,1
amphibian,Domingo Quarry (Abo Formation),176497,US,New Mexico,Wolfcamp,268,296.4,-35.48,1.67,1
amphibian,"Belpre, Washington County",176498,US,Ohio,Sakmarian,290.1,295.5,-15.49,-2.73,1
amphibian,"Shannon, Clay County",176499,US,Texas,Virgilian,268,303.4,-29.87,-1.58,1
amphibian,Manzanita Mountains,176523,US,New Mexico,Gzhelian,298.9,303.7,-35.43,2.05,1
amphibian,"Kounov, Rakovnik District",154179,CZ,,Stephanian B,303.4,304.8,21.74,4.64,5
amphibian,Tabarz,176531,DE,Thuringia,Asselian,295.5,298.9,21.2,6.7,2
amphibian,"Clennen, Saxony",176535,DE,Mittelsachsen,Autunian,295,298.9,22.57,7.46,4
amphibian,"Petersburg, near Halle",176536,DE,Sachsen-Anhalt,Stephanian,298.9,306.95,20.62,6.05,1
amphibian,"Lobejun drill hole, north of Halle",176537,DE,Saxony-Anhalt,Stephanian,295,306.95,21.28,6.98,1
amphibian,"Moosbach, near Manebach Thuringia",176538,DE,,Stephanian,298.9,306.95,20.24,4.96,1
amphibian,Libechov,176539,CZ,Bohemian Region,Stephanian C,301.2,303.4,22.84,5.89,1
amphibian,Sembachtal near Winterstein,176543,DE,Thuringia,Gzhelian,298.9,303.7,20.64,6,4
amphibian,Saone et Laoire (Autun Formation),176771,FR,Burgundy,Autunian,295,298.9,18.16,1.92,1
amphibian,Valley floor of east Camp Quarry,171346,US,New Mexico,Wolfcamp,268,296.4,-34.08,4.53,3
amphibian,Interval 300 of section of the Sangre de Cristo Formation,176968,US,Colorado,Moscovian,307,315.2,-37.49,-1.4,2
amphibian,Mansfield's Mine,176015,US,Pennsylvania,Westphalian D,306.95,311.45,-18.25,-7.93,1
amphibian,"Montceau-les-Mines, Saone et Loire",176090,FR,Bourgogne,Stephanian B,301.2,304.8,17.13,0.02,4
amphibian,Les Telots,80777,FR,Bourgogne,Artinskian,279.3,290.1,18.55,2.72,1
amphibian,Danville Locality (Vertebrates),80714,US,Illinois,Missourian,303.4,305.9,-21.51,-3.52,5
amphibian,Percy Raymond's Bonebed,176408,US,Pennsylvania,Virgilian,298.9,303.4,-14.47,-3.38,1
amphibian,Locality KE (Upper Vale Fm.),85553,US,Texas,Kungurian,272.3,279.3,-29.21,1.88,1
amphibian,Locality KH (Upper Vale Fm.),85555,US,Texas,Kungurian,272.3,279.3,-29.17,1.9,1
amphibian,Locality KH Clay Hill site,177000,US,Texas,Kungurian,272.3,279.3,-29.17,1.9,2
amphibian,Locality KH Chocolate Hill site,177001,US,Texas,Kungurian,272.3,279.3,-29.17,1.9,1
amphibian,Locality KH Diplocaulus Quarry site,177002,US,Texas,Kungurian,272.3,279.3,-29.17,1.9,1
amphibian,Locality KA (Upper Vale Fm.) Main site,85550,US,Texas,Kungurian,272.3,279.3,-29.23,1.84,1
amphibian,Locality KA High Channel site,177005,US,Texas,Kungurian,272.3,279.3,-29.23,1.84,1
amphibian,Locality KB (Upper Vale Fm.),85551,US,Texas,Kungurian,272.3,279.3,-29.23,1.85,1
amphibian,Locality KC (Upper Vale Fm.),85552,US,Texas,Kungurian,272.3,279.3,-29.24,1.84,1
amphibian,Locality FA - Diplocaulus Site,85362,US,Texas,Leonard,268,290.1,-30.21,0,1
amphibian,Locality FA (Choza Fm.) Main site,177006,US,Texas,Leonard,268,290.1,-30.21,0,3
amphibian,Locality KD Quarry site,177014,US,Texas,Kungurian,272.3,279.3,-29.23,1.88,1
amphibian,Locality KD Weathered Boulder site,177015,US,Texas,Kungurian,272.3,279.3,-29.23,1.88,2
amphibian,Locality KJ (Upper Vale Fm.),177017,US,Texas,Kungurian,272.3,279.3,-29.21,1.9,3
amphibian,Locality KM (Lower Choza Fm.) ,177018,US,Texas,Leonard,268,290.1,-30.21,0,1
amphibian,Locality BR (Lower Vale Fm.),177019,US,Texas,Kungurian,272.3,279.3,-29.04,1.64,3
amphibian,"Summerfield limestone, Noble County",177046,US,Ohio,Stephanian,298.9,306.95,-16.44,-4.66,1
amphibian,Elm Grove,177058,US,West Virginia,Virgilian,298.9,303.4,-15.22,-3.49,4
amphibian,"SW/4, NW/4, sec 13, T8N, R2W, Cleveland County",177062,US,Oklahoma,Leonard,268,290.1,-27.98,0.22,1
amphibian,Big Wichita River (Arroyo Fm.),85342,US,Texas,Kungurian,272.3,279.3,-29.01,1.8,1
amphibian,"Greene Formation, Marshall County",177067,US,West Virginia,Sakmarian,290.1,295.5,-14.59,-2.56,1
amphibian,"Silver Hill, Proctor District",177138,US,West Virginia,Wolfcamp,268,296.4,-14.43,-2.16,1
amphibian,"Hannah Pit, Newsham",177139,UK,England,Bashkirian,315.2,323.2,3.06,-6.8,6
amphibian,Konigin-Carola-Schacht,85474,DE,Saxony,Asselian,295.5,298.9,23.06,7.42,1
amphibian,1.5 miles NW of Eskridge,177144,US,Kansas,Sakmarian,290.1,295.5,-25.81,1.84,1
amphibian,Windberg near Niederhaslich,177359,DE,Saxony,Sakmarian,290.1,295.5,23.31,7.72,1
amphibian,"Découverte, Montceau-les-Mines",178269,FR,,Stephanian B,303.4,304.8,16.8,-0.46,2
amphibian,Werschweiler near St. Wendel-Saar,178271,DE,,Asselian,295.5,298.9,19.52,4.79,1
amphibian,"South of State Lake, Westmoreland",178666,US,Kansas,Wolfcamp,268,296.4,-25.52,2.79,1
amphibian,"Seltin Locality, Soap Creek",178669,US,Texas,Artinskian,279.3,290.1,-30.51,-1.03,1
amphibian,"Newdale, Proctor District",178674,US,West Virginia,Wolfcamp,268,296.4,-14.49,-2.17,1
amphibian,"Silver Hill Road, Proctor District",178675,US,West Virginia,Wolfcamp,268,296.4,-14.55,-2.1,1
amphibian,Adams Township,178676,US,Ohio,Wolfcamp,268,296.4,-14.65,-2,1
amphibian,"Owl Run, north of Sistersville",178677,US,West Virginia,Stephanian,298.9,306.95,-16.26,-4.96,1
amphibian,Washington Stone Company quarry,178681,US,Pennsylvania,Wolfcamp,268,296.4,-13.94,-1.84,1
amphibian,Falmouth Locality,81114,US,Illinois,Stephanian,298.9,306.95,-21.61,-3.29,1
amphibian,West Fork of Duck Creek,178682,US,Ohio,Westphalian D,306.95,311.45,-19.4,-8.6,1
amphibian,Jefferson County Route 36 viaduct,178696,US,Ohio,Westphalian D,306.95,311.45,-18.65,-8.24,1
amphibian,Locality P-c-4b,178697,US,Ohio,Westphalian D,306.95,311.45,-19.35,-8.51,1
amphibian,Condit's Jewett bonebed,178698,US,Ohio,Westphalian D,306.95,311.45,-18.82,-8.16,1
amphibian,Niederhausen/Appel,178735,DE,Rhineland-Palatinate,Asselian,295.5,298.9,19.79,5.22,3
amphibian,"Jeckenbach, near Meisenheim",178736,DE,Rhineland-Palatine,Autunian,295,298.9,19.7,5.1,5
amphibian,Taylor County Site 7,67735,US,Texas,Kungurian,272.3,279.3,-30.15,0.6,10
amphibian,Blackwood Locality,178738,US,Texas,Kungurian,272.3,279.3,-30.16,0.72,4
amphibian,Stamford Locality (Vale Formation),178739,US,Texas,Leonard,268,290.1,-30.86,-0.58,3
amphibian,"Airdrie, Lanarkshire",178804,UK,Scotland,Westphalian B,311.45,314.6,5.21,-0.02,4
amphibian,Usworth Colliery,178845,UK,England,Westphalian A,314.6,318.1,4.88,-3.86,1
amphibian,"Baldwin Coal, Washington Co.",178846,US,Arkansas,Namurian,306.95,326.4,-36.17,-13.65,1
amphibian,near Reeds Mill,179045,US,Ohio,Stephanian,298.9,306.95,-15.81,-4.29,1
amphibian,"Near Graham, Young County",175919,US,Texas,Stephanian,298.9,306.95,-31.84,-4.28,1
amphibian,"Bloomingdale, Jefferson County",178844,US,Ohio,Stephanian,298.9,306.95,-15.84,-4.21,1
amphibian,"Low-moor, Yorkshire (BMNH)",137311,UK,,Moscovian,307,315.2,8.01,0.12,1
amphibian,"Newcarthill, Lanarkshire",179053,UK,Scotland,Westphalian,306.95,318.1,5.23,-0.07,1
amphibian,Vineyards south of Odernheim am Glan,179127,DE,Rheinland-Pfalz,Autunian,295,298.9,19.75,5.16,1
amphibian,Garnett Quarry,80784,US,Kansas,Missourian,303.4,305.9,-27.44,-2.3,2
amphibian,"Keats, Riley County",179595,US,Kansas,Sakmarian,290.1,295.5,-26,2.37,1
amphibian,Raney Farm,162676,US,Nebraska,Asselian,295.5,298.9,-25.19,2.48,4
amphibian,Shot in the Dark Quarry,179619,US,Nebraska,Asselian,295.5,298.9,-25.18,2.48,3
amphibian,Mayer Farm,179620,US,Nebraska,Asselian,295.5,298.9,-25.19,2.49,9
amphibian,"Locality S1, Ulmet",179644,DE,Rhineland-Pfalz,Gzhelian,298.9,303.7,19.13,4.25,1
amphibian,24km NW of Pittsburgh,179596,US,Pennsylvania,Virgilian,298.9,303.4,-14.69,-3.18,1
amphibian,Arroyo del Agua,179932,US,New Mexico,Wolfcamp,268,296.4,-34.08,4.54,1
amphibian,Kinney Brick Company Quarry,179964,US,New Mexico,Virgilian,298.9,303.4,-35.39,2.01,3
amphibian,Hamilton Quarry,68427,US,Kansas,Virgilian,298.9,303.4,-26.91,-0.1,1
amphibian,Van der Hoof Quarry,180106,US,New Mexico,Wolfcamp,268,296.4,-34.07,4.5,6
amphibian,Morfin Bonebed,180107,US,New Mexico,Wolfcamp,268,296.4,-34.1,4.64,1
amphibian,Baldwin bonebed,80833,US,New Mexico,Wolfcamp,268,296.4,-34.08,4.56,5
amphibian,"Zabor, near Schlan",155305,CZ,,Stephanian B,303.4,304.8,21.97,4.74,1
amphibian,Obermoschel ,180284,DE,Rheinland-Pfalz,Autunian,295,298.9,19.8,5.15,1
amphibian,Anderson Quarry,180382,US,New Mexico,Wolfcamp,268,296.4,-34.1,4.51,2
amphibian,Quarry butte,180383,US,New Mexico,Wolfcamp,268,296.4,-34.07,4.5,4
amphibian,Welles Quarry (Arroyo del Agua),180384,US,New Mexico,Wolfcamp,268,296.4,-34.07,4.5,5
amphibian,North of the west fork of the Trinity River,180393,US,Texas,Asselian,290.1,298.9,-30.28,-1.92,2
amphibian,Fulda,11152,US,Texas,Sakmarian,272.3,295.5,-30.27,-1.12,1
amphibian,Little Bitter Creek,132657,US,Texas,Asselian,295.5,298.9,-32.07,-2.24,1
amphibian,Jemez River,180465,US,New Mexico,Wolfcamp,268,296.4,-34.43,4.18,1
amphibian,Eimer clay pit,180563,DE,Rhineland-Pfalz,Sakmarian,290.1,295.5,19.93,5.52,1
amphibian,Jakobsweiler,180573,DE,Rhineland-Pflaz,Sakmarian,290.1,295.5,20.1,5.38,1
amphibian,"Ust'-Koin locality, PIN 4416",180620,RU,Komi Republic,Ufimian,268,279.5,39.3,31.14,3
amphibian,Peru Locality,180631,US,Nebraska,Gzhelian,298.9,303.7,-25.38,1.9,1
amphibian,Commentry,180632,FR,Allier,Stephanian C,301.2,303.4,16.43,-0.13,1
amphibian,Rattlesnake Canyon (Admiral Fm.),84716,US,Texas,Artinskian,279.3,290.1,-30.23,-1.14,6
amphibian,"Robinson Locality, Brown County",180633,US,Kansas,Virgilian,298.9,303.4,-25.51,1.2,3
amphibian,Obora,180634,CZ,Plze Region,Autunian,295,298.9,23.27,6.31,1
amphibian,"Pechora River, PIN 1582",180643,RU,Komi Republic,Ufimian,272.5,279.5,37.99,34.29,1
amphibian,"Mala Dolna Weiz, near Lwówek lski",180649,PL,,Rotliegendes,254,298.9,26.35,11.26,1
amphibian,"Millery, near Autun",176500,FR,Saone et Loire,Autunian,295,298.9,18.14,1.97,3
amphibian,Dracy Saint Loup,180674,FR,Saone et Laoire,Autunian,295,298.9,18.2,2.01,3
amphibian,Silbergrund near Stutzerbach,180675,DE,Thuringia,Gzhelian,298.9,303.7,20.87,5.82,1
amphibian,Cottonwood Creek (Moran Fm.),79163,US,Texas,Asselian,295.5,298.9,-30.65,-2.02,1
amphibian,"Cliff at Ilm River, Moosbach",180757,DE,Thuringia,Gzhelian,298.9,303.7,20.94,5.87,1
amphibian,Kammerberg near Manebach,180761,DE,Thuringia,Gzhelian,295.5,303.7,22.37,4.25,2
amphibian,"Gottlob quarry, Friedrichroda",180765,DE,Thuringia,Asselian,295.5,298.9,21.24,6.7,3
amphibian,"Lochbrunnen, near Oberhof",160735,DE,Thüringer Wald,Asselian,290.1,298.9,21.49,6.74,2
amphibian,"Wintersbrunnen, near Friedrichroda",180778,DE,Thuringia,Asselian,295.5,298.9,21.26,6.67,1
amphibian,Friedrichroda,180779,DE,Thuringia,Asselian,290.1,298.9,21.35,6.86,1
amphibian,"Ruprechtice, Liberecky kraj",180780,CZ,,Autunian,295,298.9,23.99,7.5,6
amphibian,Chemnitz-Altendorf,180781,DE,Saxony,Cisuralian,272.3,298.9,23.07,7.81,1
amphibian,"Kostalov, near Trutnov",179047,CZ,Liberec Region,Asselian,295.5,298.9,24.27,7.36,4
amphibian,Horni Kalna,180794,CZ,,Cisuralian,272.3,298.9,24.82,8.1,1
amphibian,Pochwerksgrund,180764,DE,Thuringia,Sakmarian,290.1,295.5,21.64,6.85,1
amphibian,"Sperbersbach, near Oberhof",180795,DE,Thüringia,Sakmarian,290.1,295.5,21.69,6.9,1
amphibian,Erdesbach (Hölle),180796,DE,Rhineland-Palatinate,Asselian,295.5,298.9,19.63,4.95,4
amphibian,Pfarrwald at Heimkirchen,180797,DE,Rhineland-Palatine,Asselian,290.1,298.9,19.91,5.15,3
amphibian,Munsterappel,180798,DE,Rhineland-Palatine,Gzhelian,295.5,303.7,19.62,4.95,1
amphibian,Odernheim,180800,DE,Rhineland-Palatine,Asselian,290.1,298.9,19.86,5.33,3
amphibian,"Autun, Saone et Loire",180801,FR,Burgundy,Autunian,295,298.9,18.16,1.93,1
amphibian,Rehborn,180802,DE,Rhineland-Palatine,Asselian,295.5,298.9,19.75,5.14,2
amphibian,Quirnbach,180803,DE,Rhineland-Palatinate,Kuzel,298.9,301.2,19.46,4.6,1
amphibian,Grumbach,180804,DE,Rhineland-Palatine,Asselian,295.5,298.9,19.68,5.04,2
amphibian,Messersbacherhof,180805,DE,Rhineland-Palatine,Asselian,295.5,298.9,19.83,5.01,2
amphibian,"Timon, Maranhao",180809,BR,Maranhao,Kungurian,272.3,279.3,-11.13,-27.66,1
amphibian,"Nazaria, Piaui State",180810,BR,Piaui,Kungurian,272.3,279.3,-11.18,-27.92,2
amphibian,"Monsenhor Gil, Piaui State",180814,BR,Piaui,Kungurian,272.3,279.3,-11.02,-28.19,2
amphibian,"Pastos Bons, Maranhao",180815,BR,Maranhao,Kungurian,272.3,279.3,-10.45,-28.33,1
amphibian,"UGKU Locality 6, Rockenhausen",180816,DE,Rhineland-Palatine,Asselian,290.1,298.9,19.97,5.23,1
amphibian,"Morsbacher hof, near Mannweiler-Colln",180817,DE,Rhineland-Palatine,Asselian,290.1,298.9,19.95,5.28,1
amphibian,"Baliarpatti spur, Marahom (Verma collection)",156530,IN,,Artinskian,279.3,290.1,61.08,-54.27,1
amphibian,Kappeln,180806,DE,Rhineland-Palatine,Asselian,290.1,298.9,19.82,4.54,2
amphibian,Tambach,180847,DE,Thuringia,Autunian,295,298.9,21.29,6.64,1
amphibian,"Finsterbergen, near Friedrichroda",180799,DE,Thuringia,Autunian,295,298.9,21.26,6.68,1
amphibian,"Ohmbach, near Altenglan",175918,DE,Rhineland-Palatine,Autunian,295,298.9,19.6,4.81,1
amphibian,Road-cut uphill of Gottlob quarry,180848,DE,Thuringia,Asselian,295.5,298.9,21.24,6.7,1
amphibian,Klauswald at Odernheim,180851,DE,Rhineland-Palatine,Autunian,295,298.9,19.75,5.17,3
amphibian,"Humberg, near Obernheim",180783,DE,Rhineland-Pfalz,Asselian,295.5,298.9,19.88,4.84,2
amphibian,Rehborn (Hasenkopf),180853,DE,Rhineland-Palatine,Asselian,295.5,298.9,19.75,5.14,1
amphibian,Lauterecken (Windhof),180854,DE,Rhineland-Palatine,Asselian,295.5,298.9,19.7,5.05,1
amphibian,Desloch,180855,DE,Rhineland-Palatine,Asselian,295.5,298.9,19.71,5.12,1
amphibian,Raumbach,180857,DE,Rhineland-Palatine,Asselian,295.5,298.9,19.73,5.13,1
amphibian,Langenthal,180858,DE,Rhineland-Palatine,Asselian,295.5,298.9,19.65,5.21,1
amphibian,Albessen,180859,DE,Rhineland-Palatine,Asselian,295.5,298.9,19.57,4.87,1
amphibian,Gresaubach,180860,DE,Saarland,Asselian,295.5,298.9,19.75,5.14,2
amphibian,St Wendel,180862,DE,Saarland,Asselian,295.5,298.9,19.68,5.04,1
amphibian,Lebach,180864,DE,Saarland,Asselian,295.5,298.9,19.33,4.7,1
amphibian,Kaiserslautern,180861,DE,Rhineland-Palatinate,Autunian,295,298.9,19.85,4.87,1
amphibian,Huffler,180865,DE,Rhineland-Palatinate,Autunian,295,298.9,19.61,4.86,1
amphibian,"Quarry at Rummelbach, Gresaubach",180869,DE,Saarland,Autunian,295,298.9,19.75,5.14,1
amphibian,Rathsweiler,180870,DE,Rhineland-Palatinate,Autunian,295,298.9,19.63,4.97,1
amphibian,Worsbach,180872,DE,Rhineland-Palatinate,Asselian,295.5,298.9,19.78,4.97,1
amphibian,Clark Hill,80877,US,Ohio,Sakmarian,290.1,295.5,-14.82,-2.52,1
amphibian,Pitcairn Locailty,180937,US,Pennsylvania,Missourian,303.4,305.9,-15.75,-5.63,2
amphibian,"Badger Creek, Fremont County",180938,US,Colorado,Missourian,303.4,305.9,-34.25,2.44,3
amphibian,UCMP V-2844,180940,US,New Mexico,Wolfcamp,268,296.4,-34.08,4.53,5
amphibian,Arroyo del Agua (Cope Collection AMNH),180944,US,New Mexico,Wolfcamp,268,296.4,-34.08,4.48,1
amphibian,Baylor County,180945,US,Texas,Cisuralian,272.3,298.9,-30.51,-1.04,1
amphibian,Road cut at intersection of Dallas Pike and Interstate 70,180946,US,West Virginia,Wolfcamp,268,296.4,-14.25,-1.84,1
amphibian,Road cut on County Highway 41/8,180947,US,West Virginia,Wolfcamp,268,296.4,-14.25,-1.84,1
amphibian,Howard Quarry,77786,US,Colorado,Missourian,303.4,305.9,-34.24,2.45,1
amphibian,"Ergebirge Basin, near Zwickau",180950,DE,Saxony,Asselian,295.5,298.9,22.46,6.91,1
amphibian,Archer City Bonebed 2,180957,US,Texas,Wolfcamp,268,296.4,-30.06,-1.27,1
amphibian,Jemez Springs,180974,US,New Mexico,Wolfcamp,268,296.4,-34.33,4.24,8
amphibian,Coprolite Bonebed,180978,US,Texas,Wolfcamp,268,296.4,-30.04,-1.17,3
amphibian,Eskridge locality,180979,US,Kansas,Sakmarian,290.1,295.5,-25.79,1.82,3
amphibian,Sierra Lucero Locality,180988,US,New Mexico,Sakmarian,279.3,295.5,-35.35,3.52,3
amphibian,Pecos River Valley Locality (Sangre de Cristo),180989,US,New Mexico,Gzhelian,290.1,303.7,-35.7,2.91,6
amphibian,Pond Creek,180990,US,Oklahoma,Leonard,268,290.1,-27.43,1.65,5
amphibian,Waurika Site 1,180991,US,Oklahoma,Leonard,268,290.1,-28.99,-0.33,5
amphibian,Locality BW (Lower Vale Fm.),180992,US,Texas,Artinskian,268.8,290.1,-30.44,-0.02,3
amphibian,Cardillo Quarry,181075,US,New Mexico,Wolfcamp,268,296.4,-34.09,4.49,2
amphibian,Spanish Queen mine locality,181076,US,New Mexico,Wolfcamp,268,296.4,-34.35,4.22,1
amphibian,NE Socorro,85436,US,New Mexico,Wolfcamp,268,296.4,-35.31,2.97,5
amphibian,Tularosa Locality,181077,US,New Mexico,Wolfcamp,268,296.4,-35.51,1.76,2
amphibian,Caballo Mountains locality,181037,US,New Mexico,Wolfcamp,268,296.4,-36.29,2.32,2
amphibian,Los Pinos Mountains locality,181078,US,New Mexico,Wolfcamp,268,296.4,-35.1,2.98,4
amphibian,"Locality 6, near Cameron",80720,US,Ohio,Asselian,290.1,298.9,-14.93,-2.65,1
amphibian,"Kurty locality, PIN 2078",181085,,Alma-Ata Region,Asselian,272.3,298.9,73.52,23.92,1
amphibian,South of Crescent,181086,US,Oklahoma,Kungurian,272.3,279.3,-26.69,2.96,1
amphibian,East of Crescent,181087,US,Oklahoma,Kungurian,272.3,279.3,-26.65,2.98,1
amphibian,Kniebreche at Kleinschmalkalden,181127,DE,Thuringia,Asselian,295.5,298.9,21.2,6.63,1
amphibian,"Kesselgraben, Friedrichroda",181128,DE,Thuringia,Autunian,295,298.9,21.24,6.7,1
amphibian,Oberschonau,181129,DE,Thuringia,Asselian,295.5,298.9,21.32,6.57,1
amphibian,"Strasse Grenzwiese, Cabarz",181130,DE,Thuringia,Asselian,295.5,298.9,21.2,6.71,1
amphibian,"Sarytaypan locality, PIN 2079",181134,TJ,Leninabad,Rotliegendes,254,298.9,71.94,19.48,1
amphibian,"Freital, near Dresden",181176,DE,Saxony,Sakmarian,290.1,295.5,23.6,6.78,2
amphibian,"Baldwin, near Animas",180939,US,Colorado,Wolfcamp,268,296.4,-32.78,6.82,1
amphibian,"Mamadysh, PIN 683",187316,RU,Tatarstan,Ufimian,268,279.5,44.63,26.57,1
amphibian,"Golyusherma, PIN 4276",187322,RU,Udmurtia,Ufimian,268,279.5,45.03,27.27,3
amphibian,"Vyshka, PIN 1581",189498,RU,Perm,Ufimian,268,279.5,45.15,30.06,1
amphibian,"Pastos Bons, Maranhao",192146,BR,Maranhao,Kungurian,272.3,279.3,-10.45,-28.33,1
amphibian,Tlumaczow Quarry tracksite,197201,PL,Lower Silesia,Rotliegendes,254,298.9,27.05,10.89,2
amphibian,Thuringer Wald,197721,DE,Thuringia,Autunian,295,298.9,21.28,6.65,1
amphibian,"Les Charbonnières, Franchesse",197925,FR,Auvergne-Rhône-Alpes,Sakmarian,290.1,295.5,17.58,1.79,1
amphibian,Bourbon-l’Archambault,197929,FR,Auvergne-Rhône-Alpes,Cisuralian,272.3,298.9,17.78,2.13,1
amphibian,"'Pricna zmola', Malá Lhota",197951,CZ,South Moravia,Cisuralian,272.3,298.9,25.79,7.19,3
amphibian,"Bacov, Boskovice furrow",156569,CZ,,Sakmarian,290.1,295.5,25.62,6.97,1
amphibian,Montrose,197955,US,Pennsylvania,Late Pennsylvanian,298.9,306.95,-11.86,-4.1,1
amphibian,"Old Military Crossing, Whiskey Creek, Wichita River",108766,US,Texas,Artinskian,279.3,290.1,-30.3,-0.95,6
amphibian,"Drvalovice, Boskovice Furrow",200050,CZ,,Cisuralian,272.3,298.9,25.79,7.37,1
amphibian,"Low main seam shale, Newsham",132670,UK,England,Bashkirian,315.2,323.2,3.05,-6.79,1